-- insert into WORKOUT_CATEGORY(CATEGORY_ID,CATEGORY_NAME) VALUES (2,'SWIMMING');
-- insert into WORKOUT_CATEGORY(CATEGORY_ID,CATEGORY_NAME) VALUES (1,'RUNNING');

-- insert into WORKOUT_COLLECTION(WORKOUT_ID,WORKOUT_TITLE,WORKOUT_NOTE,calories_burn_per_min,CATEGORY_ID) VALUES (2,'SWIMMING','HELLO',34.45,2);
-- insert into WORKOUT_COLLECTION(WORKOUT_ID,WORKOUT_TITLE,WORKOUT_NOTE,calories_burn_per_min,CATEGORY_ID) VALUES (1,'RUNNING','HELLO2',11.5,1);

-- INSERT INTO WORKOUT_ACTIVE(WORKOUT_ID,COMMENT,STATUS,START_DATE,END_DATE,START_TIME,END_TIME) VALUES (2,'HI 1','FALSE','2018-11-13','2018-11-13','11:23:45.34','11:59:23.23');
-- INSERT INTO WORKOUT_ACTIVE(WORKOUT_ID,COMMENT,STATUS,START_DATE,END_DATE,START_TIME,END_TIME) VALUES (2,'HI 2','FALSE','2018-10-13','2018-10-13','05:23:45.34','07:59:23.23');
-- INSERT INTO WORKOUT_ACTIVE(WORKOUT_ID,COMMENT,STATUS,START_DATE,END_DATE,START_TIME,END_TIME) VALUES (2,'HI 3','FALSE','2018-09-13','2018-09-13','07:23:45.34','07:59:23.23');
-- INSERT INTO WORKOUT_ACTIVE(WORKOUT_ID,COMMENT,STATUS,START_DATE,END_DATE,START_TIME,END_TIME) VALUES (2,'HI 4','FALSE','2018-08-13','2018-08-13','04:23:45.34','05:59:23.23');
-- INSERT INTO WORKOUT_ACTIVE(WORKOUT_ID,COMMENT,STATUS,START_DATE,END_DATE,START_TIME,END_TIME) VALUES (2,'HI 5','FALSE','2018-07-13','2018-07-13','04:24:45.34','04:59:23.23');
-- INSERT INTO WORKOUT_ACTIVE(WORKOUT_ID,COMMENT,STATUS,START_DATE,END_DATE,START_TIME,END_TIME) VALUES (2,'HI 6','FALSE','2018-06-13','2018-06-13','08:23:45.34','09:59:23.23');
-- INSERT INTO WORKOUT_ACTIVE(WORKOUT_ID,COMMENT,STATUS,START_DATE,END_DATE,START_TIME,END_TIME) VALUES (1,'HI 7','FALSE','2018-05-13','2018-05-13','05:21:45.34','07:59:23.23');
-- INSERT INTO WORKOUT_ACTIVE(WORKOUT_ID,COMMENT,STATUS,START_DATE,END_DATE,START_TIME,END_TIME) VALUES (1,'HI 8','FALSE','2018-04-13','2018-04-13','04:25:45.34','07:59:23.23');
-- INSERT INTO WORKOUT_ACTIVE(WORKOUT_ID,COMMENT,STATUS,START_DATE,END_DATE,START_TIME,END_TIME) VALUES (1,'HI 9','FALSE','2018-03-13','2018-03-13','09:23:45.34','11:59:23.23');
-- INSERT INTO WORKOUT_ACTIVE(WORKOUT_ID,COMMENT,STATUS,START_DATE,END_DATE,START_TIME,END_TIME) VALUES (1,'HI 10','FALSE','2018-02-13','2018-02-13','20:23:45.34','21:59:23.23');
-- INSERT INTO WORKOUT_ACTIVE(WORKOUT_ID,COMMENT,STATUS,START_DATE,END_DATE,START_TIME,END_TIME) VALUES (1,'HI 11','FALSE','2018-01-13','2018-01-13','17:23:45.34','19:59:23.23');
-- INSERT INTO WORKOUT_ACTIVE(WORKOUT_ID,COMMENT,STATUS,START_DATE,END_DATE,START_TIME,END_TIME) VALUES (1,'HI 12','FALSE','2018-11-13','2018-11-13','23:23:45.34','23:59:23.23');